"question","answer"
"What is artificial intelligence?","Artificial Intelligence (AI) is the simulation of human intelligence processes by machines to perform tasks that typically require human intelligence."
"How does machine learning work?","Machine learning uses algorithms and statistical models to enable computers to improve their performance on tasks through experience without being explicitly programmed."
"What is deep learning?","Deep learning is a subset of machine learning using neural networks with multiple layers to progressively extract higher-level features from data."
"What is natural language processing?","NLP is a branch of AI that helps computers understand and generate human language for applications like translation and chatbots."
"What is computer vision?","Computer vision is a field of AI that trains computers to interpret and understand visual information from the world like images and videos."
"What is neural network?","A neural network is a computing system inspired by biological neural networks designed to recognize patterns and learn from data."
"What is supervised learning?","Supervised learning trains models on labeled data where the correct output is known allowing the model to learn the mapping between inputs and outputs."
"What is unsupervised learning?","Unsupervised learning finds patterns in data without labeled outputs using techniques like clustering and dimensionality reduction."
"What is Python?","Python is a high-level interpreted programming language known for its simplicity and readability widely used in web development and data science."
"What is JavaScript?","JavaScript is a programming language that enables interactive web pages and is an essential part of web applications alongside HTML and CSS."
"What is Java?","Java is an object-oriented programming language designed to run on any platform through the Java Virtual Machine providing platform independence."
"What is SQL?","SQL (Structured Query Language) is a programming language used to manage and manipulate relational databases and retrieve data."
"What is HTML?","HTML (Hypertext Markup Language) is the standard markup language for creating web pages defining structure and content."
"What is CSS?","CSS (Cascading Style Sheets) is a stylesheet language used to describe the presentation and styling of HTML documents."
"What is frontend development?","Frontend development creates the user interface and experience of websites using HTML CSS and JavaScript that users interact with directly."
"What is backend development?","Backend development handles server-side logic databases and application functionality that powers websites behind the scenes."
"What is full-stack development?","Full-stack development involves working on both frontend and backend aspects of web applications requiring knowledge of multiple technologies."
"What is React?","React is a JavaScript library for building user interfaces especially single-page applications through reusable components."
"What is Node.js?","Node.js is a JavaScript runtime built on Chrome's V8 engine that allows developers to run JavaScript on the server side."
"What is Django?","Django is a high-level Python web framework that encourages rapid development and clean pragmatic design with built-in features."
"What is REST API?","REST (Representational State Transfer) API is an architectural style for designing networked applications using HTTP requests to access resources."
"What is cloud computing?","Cloud computing delivers computing services including servers storage databases networking software over the internet enabling flexible resources and economies of scale."
"What is AWS?","Amazon Web Services (AWS) is a comprehensive cloud computing platform offering over 200 services including computing storage and databases."
"What is Azure?","Microsoft Azure is a cloud computing platform providing services for building testing deploying and managing applications through Microsoft data centers."
"What is database?","A database is an organized collection of structured data stored electronically allowing efficient data retrieval storage and management."
"What is MongoDB?","MongoDB is a NoSQL database that stores data in flexible JSON-like documents making it easy to store and query complex data structures."
"What is MySQL?","MySQL is an open-source relational database management system using SQL for managing and organizing data in tables."
"What is PostgreSQL?","PostgreSQL is a powerful open-source relational database system known for reliability data integrity and support for complex queries."
"What is Git?","Git is a distributed version control system that tracks changes in source code enabling multiple developers to collaborate effectively."
"What is GitHub?","GitHub is a web-based platform for version control and collaboration using Git allowing developers to host and review code."
"What is Docker?","Docker is a platform that packages applications and dependencies into containers ensuring consistent operation across different environments."
"What is Kubernetes?","Kubernetes is an open-source container orchestration platform for automating deployment scaling and management of containerized applications."
"What is microservices?","Microservices architecture structures applications as collections of loosely coupled services improving modularity scalability and maintainability."
"What is DevOps?","DevOps combines development and operations practices to shorten development lifecycle and deliver high-quality software continuously."
"What is Agile methodology?","Agile is an iterative software development methodology emphasizing flexibility collaboration and rapid delivery of working software."
"What is cybersecurity?","Cybersecurity protects computer systems networks and data from digital attacks unauthorized access and damage."
"What is blockchain?","Blockchain is a distributed ledger technology that records transactions across multiple computers ensuring security transparency and immutability."
"What is API?","API (Application Programming Interface) is a set of rules allowing different software applications to communicate and share data with each other."
"What is responsive design?","Responsive design ensures websites adapt and display properly across different devices and screen sizes for optimal viewing experience."
"What is data science?","Data science combines statistics programming and domain expertise to extract insights and knowledge from structured and unstructured data."
